"CONGDIST","total_votes","Dvotes","Rvotes","DFL%","R%"
"1",504,168,252,33.3333333333333,50
"2",0,0,0,0,0
"3",0,0,0,0,0
"4",0,0,0,0,0
"5",0,0,0,0,0
"6",0,0,0,0,0
"7",0,0,0,0,0
"8",1140,380,570,33.3333333333333,50
