"CONGDIST","total_votes","Dvotes","Rvotes","DFL%","R%"
"1",5251,1113,1815,21.1959626737764,34.5648447914683
"2",5162,1495,1395,28.9616427741186,27.0244091437427
"3",4648,1078,1546,23.1927710843373,33.2616179001721
"4",2970,738,747,24.8484848484848,25.1515151515152
"5",8519,2840,1632,33.3372461556521,19.1571780725437
"6",7344,2448,2079,33.3333333333333,28.3088235294118
"7",13569,3156,5230,23.2588989608667,38.543739405999
"8",3648,868,1458,23.7938596491228,39.9671052631579
