"CONGDIST","total_votes","Dvotes","Rvotes","DFL%","R%"
"1",504,252,168,50,33.3333333333333
"2",0,0,0,0,0
"3",0,0,0,0,0
"4",0,0,0,0,0
"5",0,0,0,0,0
"6",0,0,0,0,0
"7",0,0,0,0,0
"8",1288,553,397,42.9347826086957,30.8229813664596
