"CONGDIST","total_votes","Dvotes","Rvotes","DFL%","R%"
"1",5332,1542,1443,28.9197299324831,27.0630157539385
"2",3099,1167,1080,37.6573088092933,34.8499515972894
"3",4847,1349,1407,27.8316484423355,29.0282649061275
"4",2805,672,636,23.9572192513369,22.6737967914439
"5",8168,2473,1659,30.2766895200784,20.3109696376102
"6",8370,2773,2438,33.1302270011947,29.1278375149343
"7",12660,4299,3338,33.957345971564,26.3665086887836
"8",3984,1449,877,36.3704819277108,22.0130522088353
