"CONGDIST","total_votes","Dvotes","Rvotes","DFL%","R%"
"1",4620,168,84,3.63636363636364,1.81818181818182
"2",0,0,0,0,0
"3",0,0,0,0,0
"4",0,0,0,0,0
"5",0,0,0,0,0
"6",0,0,0,0,0
"7",0,0,0,0,0
"8",10450,380,190,3.63636363636364,1.81818181818182
