"CONGDIST","total_votes","Dvotes","Rvotes","DFL%","R%"
"1",45324,1778,994,3.92286647250905,2.19309857911923
"2",28305,3468,3652,12.2522522522523,12.9023140787847
"3",19086,2388,1914,12.5117887456775,10.0282929896259
"4",27225,990,495,3.63636363636364,1.81818181818182
"5",30152,3427,2220,11.3657468824622,7.36269567524542
"6",61227,4842,4473,7.90827576069381,7.30560047038071
"7",118749,4453,2333,3.74992631516897,1.96464812335262
"8",33440,1216,608,3.63636363636364,1.81818181818182
