CONGDIST,total_votes,Dvotes,Rvotes,DFL%,R%
1,1324,252,420,19.03323263,31.72205438
2,129,0,0,0,0
3,0,0,0,0,0
4,0,0,0,0,0
5,0,0,0,0,0
6,0,0,0,0,0
7,0,0,0,0,0
8,2850,570,950,20,33.33333333