"CONGDIST","total_votes","Dvotes","Rvotes","DFL%","R%"
"1",12824,1898,3471,14.8003742981909,27.0664379288833
"2",7735,1598,1761,20.6593406593407,22.7666451195863
"3",7749,1788,954,23.0739450251645,12.3112659698026
"4",7425,1233,1239,16.6060606060606,16.6868686868687
"5",13342,3004,1552,22.5153650127417,11.6324389147054
"6",17487,3132,3861,17.910447761194,22.0792588780237
"7",33152,5213,9381,15.7245415057915,28.2969353281853
"8",9120,1490,2647,16.3377192982456,29.0241228070175
